phone_no,first_name,last_name,reward_points
619-682-0997,Daveen,Mammatt,52378
194-751-0914,Chicky,Linny,42298
506-273-8454,Maridel,Laugharne,45596
830-796-2061,Johna,Baddoe,64338
977-601-2644,Sashenka,Watkiss,77257
988-800-5954,Zacharias,Bound,28418
296-361-0046,Krystal,Mehaffey,91180
651-478-7634,Rosanne,Tiffany,88254
596-860-2063,Mellisa,MacBain,66902
604-454-0853,Chrystal,McDugal,83743
974-234-8089,Weber,O'Scanlon,18259
586-418-1049,Kali,Dougherty,16232
507-168-4468,Ellary,Pitway,87444
220-258-7100,Jerrilee,Shreve,78627
871-991-7726,Leodora,Bastock,2724
466-935-9140,Thorn,Deere,22042
880-656-2290,Ashlan,Kachel,68475
541-616-2821,Lorena,Lemin,53478
850-694-6973,Bud,Deavin,90965
137-918-0039,Carolus,Tromans,99036
382-477-1246,Katleen,Janks,99606
627-192-8500,Raviv,Horlock,50446
913-992-7162,Hillery,Burtwell,71452
895-187-3388,Sheff,Banghe,13602
118-731-2294,Robinet,Beteriss,30103
968-616-2450,Brockie,Wearne,16109
380-549-8994,Janice,Mardlin,30353
552-899-7422,Mychal,Pogg,34887
486-384-0415,Tersina,Seys,842
552-642-1684,Ilyssa,Shipcott,95303
737-155-8268,Harwilll,Frodsam,20591
219-454-7754,Anne,Sculley,89746
734-557-0107,Trixy,Slayny,45473
225-879-0979,Lori,Kiff,4496
745-159-4313,Neill,Vasin,29065
963-743-8131,Jeanna,Bolitho,40238
358-361-7909,Aubrey,Bruyntjes,37878
668-536-1842,Ainslie,Coatts,93489
928-747-2657,Adria,Malser,99223
898-178-1104,Brnaba,Cran,73127
735-582-8637,Cleve,Lanchberry,46800
329-243-9234,Shelby,Draude,31259
320-374-8771,Jarred,Milne,22296
951-102-4732,Pattie,Crellin,8610
665-415-5597,Trudie,Joncic,31597
340-452-1852,Emelina,Stidston,7316
522-393-5061,Darill,Snartt,69696
516-943-6679,Heriberto,Truckell,61895
826-360-2446,Torie,Nanetti,79963
427-183-4906,Asher,Cahn,58925
703-180-5652,Madel,Barkway,80908
271-863-2118,Cello,Borman,52739
162-685-2476,Phaidra,Pringuer,74346
994-813-3553,Katharyn,Purdey,42460
750-113-6834,Bjorn,Vasiliev,47883
636-643-4536,Lyn,Posvner,95403
722-419-3998,Helga,Tiltman,96369
760-278-2741,Shir,Cheesman,87548
442-996-4033,Danit,Hollow,81754
363-335-9177,Freddi,Rannie,22254
665-882-1521,Breanne,Strick,93744
687-529-8985,Cordelie,Yetton,40234
460-837-0209,Veronica,Van Giffen,39617
262-909-2383,Hanna,Corah,34718
763-303-5189,Susana,Ozintsev,16666
206-132-6538,Laney,Adlem,75093
390-978-8891,Kaye,Salatino,49549
826-812-1996,Lou,Stanyer,69983
318-460-7110,Florentia,Albon,63000
978-722-6459,Cornelia,Hards,58855
451-675-2636,Malissa,Mongan,36996
595-599-9377,Anneliese,Gracewood,92323
177-972-1882,Stefania,Paute,74272
477-576-7501,Dion,Dottridge,40410
715-654-3586,Layton,Standering,19664
320-251-3794,Rudolfo,Schenkel,38380
136-252-3831,Chloette,Slad,57109
872-448-4299,Lanni,Gauntley,64913
724-491-7205,Jorey,Trays,15116
920-254-6964,Melvyn,Sherrard,92290
770-793-3335,Audry,Marxsen,33009
562-777-2574,Leroi,Klimshuk,26635
458-436-9043,Russell,Stife,62685
895-157-6738,Joana,Crimmins,12533
986-659-4067,Nolana,Doorbar,3924
723-139-4735,Darbie,Gossipin,4379
100-736-5070,Trista,Widdecombe,99585
658-627-5317,Tonye,Calltone,84775
791-521-3748,William,Moger,34978
144-216-3824,Dannye,Peyzer,49783
755-356-9206,Ricca,Maywood,78201
804-292-2807,Valencia,Krimmer,5147
392-263-3084,Dwayne,Rives,29061
157-496-8200,Blaire,Corzon,22049
604-107-4282,Jori,Kintzel,40521
882-712-2153,Fanni,Mitroshinov,347
500-291-7768,Kyrstin,Winstanley,60104
685-366-3975,Amelie,Caygill,58535
454-617-4274,Glynnis,Cristofano,66413
553-953-1780,Alec,Muncer,24786
656-982-7296,Michaela,Reddoch,16289
829-754-7013,Hobey,O'Flannery,7788
895-560-3116,Isis,Hollington,62816
527-306-9936,Jemie,Beadon,44602
508-609-5372,Reinold,Rentoll,53116
826-291-2766,Alessandro,Von Brook,15058
340-728-7043,Jo-anne,Versey,58008
161-325-7563,Adrianna,Flello,8451
309-694-3252,Lois,Downes,10581
807-599-4877,Hollie,Medlen,80030
103-879-8909,Cord,Bartalini,43720
157-465-9119,Maire,Pitkeathly,87511
747-338-7347,Sydney,Sunman,26425
270-925-3011,Christoper,Thoresby,91086
198-889-2474,Pia,Dybell,72913
756-757-7460,Klara,Domotor,81023
496-718-6020,Bella,Guile,43013
553-619-8942,Sephira,Bernat,66959
605-854-0623,Wendy,Garlick,12022
798-588-0360,Dave,Blondelle,94464
639-111-3266,Oralle,Thrussell,57583
512-942-8675,Darla,Philippou,68099
969-868-8128,Cristine,Chalfant,54426
408-540-0619,Jamaal,Strooband,95324
994-307-7116,Natasha,Welldrake,44994
500-345-4551,Constantino,Berendsen,91707
458-194-9523,Mordecai,Sidon,51602
118-504-8845,Cad,Mackilpatrick,11487
797-967-6791,Honoria,Fronks,29972
858-582-8341,Allyce,Lattin,52301
839-555-4414,Georges,Obington,31259
567-308-5799,Emelina,McKague,51912
550-644-4566,Alexandrina,Thoma,27241
173-420-8953,Estele,Hamelyn,13277
671-290-4125,Raffaello,Kryszka,5426
186-145-2874,Chet,Naul,74027
254-303-7495,Nina,Whiteway,92567
784-609-4165,Joella,Gonnelly,37771
837-379-0229,Marlon,Paddefield,40988
286-233-6685,Roby,Boatwright,91606
687-833-5162,Falkner,Lorkings,91273
113-273-2312,Carmelia,Mcettrick,69520
709-493-2076,Arly,Gaine,81923
916-789-0129,Domenico,Lamcken,12027
723-873-1457,Raeann,Connerry,5764
805-413-8332,Kristien,Casse,40997
169-777-4571,Hortense,Golds,90897
444-910-5367,Christean,Baseggio,44094
917-524-7610,Freda,Cromblehome,99612
511-192-3310,Jacynth,Lingley,74846
954-245-3596,Chadd,Harberer,40390
131-222-8102,Nadean,Lyddiard,11506
880-825-7393,Marcellus,Tuffield,12523
803-304-9337,Susann,Sheeran,23624
873-888-1687,Nadiya,Roe,59952
573-811-3360,Carmon,Fehners,29493
398-562-6901,Quill,Bragg,71582
930-373-1413,Gabriele,Rodenhurst,87773
930-838-1230,Shayla,Glyn,99280
461-118-3204,Waverley,Denidge,90000
832-828-5355,Burton,Biggins,39599
871-887-4411,Liliane,Antonescu,5931
365-786-9324,Damian,Chown,2457
190-991-4092,Herve,Dyerson,46077
471-524-6977,Emile,Velti,19704
657-880-9835,Paxon,Realph,65061
539-314-2784,Liana,Braiden,80504
842-917-1854,Orin,Bernat,31420
811-944-5998,Sebastiano,Slaughter,59866
504-647-2456,Riobard,Rapi,95161
403-342-9390,Giuditta,Penney,83463
195-479-0683,Anabel,Karet,31642
106-286-9638,Eddie,Hatcher,52224
526-666-1245,Virgina,Ygou,98176
777-931-7347,Mathilde,Boyne,56834
593-179-0185,Garik,Hutchcraft,97896
889-541-5812,Sanderson,Betteson,13536
166-233-4100,Ruthy,Peddersen,4667
326-120-9557,Emmett,Stairmond,96240
888-543-8473,Cinda,Crickett,31541
177-133-3821,Wyn,Gutteridge,46359
171-596-0070,Jannelle,Van Vuuren,3149
751-808-6207,Thornie,Daal,14059
135-682-7733,Charmain,Korneev,42620
217-542-3991,Blondy,Plan,70810
218-306-4050,Koressa,Tennet,98525
998-264-6674,Tuckie,Sallans,34535
397-129-0992,Mirabelle,Hartwright,28397
762-400-7083,Alana,Solly,72615
407-316-2958,Nickie,Itzkovwich,13627
320-687-7080,Henriette,Izkovicz,91483
921-453-2037,Olivia,Bolter,24092
797-916-7314,Khalil,Wiggans,24252
609-657-1070,Lucian,Burkitt,17598
727-679-4180,Wini,Giamo,36280
411-393-9483,Hestia,Begent,28675
799-600-3063,Brocky,Purple,61523
232-205-9138,Orelee,Kenlin,99088
679-891-4382,Jolyn,Noquet,2126
684-792-2971,Gerick,Luebbert,79613
573-406-9745,Shurlock,Deplacido,13181
457-984-1739,Alonso,Muck,73875
593-780-9580,Joshia,Worman,73676
212-538-1569,Kayley,Cuphus,77319
974-596-0756,Aldwin,Mursell,65463
429-160-4258,Briano,Amos,96499
493-668-3955,Micky,Tiltman,79379
440-756-4018,Lesley,Meaking,31880
195-207-3225,Franky,Villar,56177
791-438-6811,Shay,Dillet,63036
352-338-1368,Neille,Townby,39808
407-402-6558,Verla,Wagstaffe,92470
667-679-4425,Cathee,Kinnerley,17952
793-366-6884,Deedee,Yarrell,29244
241-244-2966,Silvana,Renals,9621
434-916-9643,Danny,Caddock,26902
142-589-3438,Reginald,Goodson,17142
306-804-6581,Amaleta,Colaco,45944
971-962-3994,Dosi,Clelland,79925
771-847-6434,Caron,Klosser,40654
652-655-5294,Lotta,Bingall,43033
157-661-4156,Charlean,Dallman,55178
764-598-4516,Jed,Blackbrough,72351
405-758-2139,Ania,Skillen,62793
325-398-2050,Miguel,Petracco,61266
115-120-7671,Lola,Wentworth,61391
430-370-7930,Noach,Klempke,51093
973-942-4023,Mara,Niemiec,47730
949-495-5690,Phillis,Adamec,94876
661-373-1819,Jamesy,Neames,39285
697-273-8355,Trever,Waistall,27345
626-840-3086,Stearne,Eastwood,97629
309-113-4289,Cristy,Butterly,74483
405-495-6170,Moshe,Bean,90240
436-632-2301,Abey,Knapper,47315
867-999-8814,Hayyim,Reynish,11072
600-652-0263,Avrom,Strotone,85595
285-144-8376,Florette,Docharty,71975
995-332-6326,Kara-lynn,Birds,27960
405-999-2784,Freda,Gleasane,64495
679-168-6505,Galvan,Kalderon,74437
914-319-9501,Faydra,Dayce,83918
846-666-5917,Ekaterina,Scarasbrick,97399
697-414-0678,Clint,Vittery,66858
549-147-8252,Miran,Crookshanks,7633
651-884-2233,Teodora,Premble,25769
559-480-4904,Feodora,Soldan,67737
272-515-8554,Dan,Hurling,73784
583-166-3099,Ashlee,Lokier,15297
186-334-1636,Giselbert,Jamot,2224
627-475-3344,Fabiano,Mundy,26717
784-958-0261,Eba,Bushe,59973
206-938-4007,Adena,Gravestone,17200
609-374-5508,Lois,Rosenauer,70362
261-527-2806,Pepito,Scrammage,61066
445-451-6552,Huey,Bollis,26098
314-679-6165,Laney,Tinton,66541
933-613-8553,Dulci,Gilmore,23957
259-748-5490,Lisetta,Rennie,21018
389-630-8740,Felice,Duinbleton,20239
137-736-5126,Emlyn,Junes,88494
855-567-9972,Johnny,Cicci,62949
308-502-2182,Aylmar,Tebboth,57954
689-158-0814,Zollie,Roser,3922
949-199-0678,Debi,Milham,6189
767-572-3935,Camey,Berzon,38734
413-914-9011,Roz,Wardhaw,66620
242-165-4182,Shay,Brimner,76145
717-723-0500,Matteo,Way,83859
523-961-5368,Lola,Lilywhite,15986
460-693-2922,Evin,Holbury,94132
766-719-8732,Valaree,Nendick,44221
808-177-9380,Rhody,Jaulme,11893
403-386-0359,Liana,Bunce,94394
431-741-2734,Prinz,Tindle,76678
258-375-1579,Valenka,Audibert,26342
156-669-3928,Shawn,Hurran,53668
817-623-3275,Willis,Julien,17522
288-259-7975,Dasie,Douglas,28198
381-316-0438,Tandi,Allday,56879
954-714-9304,Catharine,Abramsky,88195
431-394-6698,Simon,Tweed,78530
354-182-9503,Kenton,Beardsley,53443
415-320-3200,Joeann,Domerque,70927
440-494-4649,Vance,Escalero,11899
837-476-9639,Ruthi,Dami,27878
411-970-9668,Marv,Benedettini,80225
777-170-1583,Reed,Sides,47629
504-729-2491,Eugen,Wedge,26522
486-619-7886,Odille,MacCoughan,96295
855-642-3568,Rancell,Coton,29640
831-373-2561,Sawyere,Bilsford,98552
733-823-6527,Jaime,Savory,35302
581-213-7816,Godart,Dunley,98061
959-253-8242,Analise,Keppin,348
500-398-4601,Fawn,Schaben,29603
644-322-4624,Doyle,Deinhard,45040
786-553-2878,Kaja,Crosoer,75099
140-508-4483,Myranda,Manion,19239
839-547-9636,Ruperta,Matura,80458
417-797-5865,Dolph,Rubert,32608
379-924-1703,Tuck,Findon,89881
534-488-2808,Nicolas,Jenking,26424
802-371-6181,Rudie,Faust,95592
437-664-8844,Cyndia,Gard,34345
235-340-2330,Carson,Roft,94458
390-665-1526,Felicia,Biner,95802
427-483-5581,Raynor,McRory,41586
583-908-4725,Mitchel,Dance,70356
966-851-5993,Cori,Sparry,90218
103-917-4388,Daron,Schuricht,66372
356-687-8760,Audry,Henighan,94739
607-288-8898,Abby,Mattiello,40451
798-442-5213,Trace,O'Cahsedy,29365
569-432-0320,Kayle,M'cowis,65232
360-113-8172,Donnamarie,Ramshay,49962
771-901-9579,Jessamine,Boycott,65796
155-345-1195,Mandel,Hudel,27736
776-421-9129,Lonnie,Camilleri,40060
247-766-5098,Libbi,Keaysell,75149
975-412-9555,Toddie,Tapper,33478
573-543-4655,Giselbert,Hyder,78741
642-417-0326,Guilbert,Di Baudi,41443
463-988-1971,Jory,Purves,58493
546-686-4101,Nettie,Wealthall,4839
817-367-9591,Floria,Jirasek,93160
678-418-8293,Devonne,Campana,56291
808-561-5827,Lexy,Harbar,19807
469-907-1996,Bliss,Goodinge,71092
573-260-3491,Clementius,Dines,32711
883-578-5059,Alessandra,Woofendell,5937
763-368-2673,Nickie,Heighway,64998
377-755-7088,Charmian,Blonden,82333
137-966-6324,Pavla,Phlipon,21091
843-559-2770,Francois,Gilman,35946
227-230-2629,Jaime,Chree,22546
754-392-8450,Nolie,Lewington,89978
487-628-3569,Patric,Klyn,46737
290-974-6026,Kai,Seelbach,74782
252-682-3084,Kelcie,Rennles,50624
547-770-2507,Rosy,Amorine,10501
266-250-6532,Felix,Albin,78072
379-589-6513,Ellswerth,Ritchings,42827
442-349-8174,Maddalena,Escalante,1860
301-887-6695,Karel,Cupper,78715
868-356-0912,Beverley,Cansdale,63175
435-269-2111,Jo-ann,Channer,17871
646-685-5585,Hubey,Orknay,41705
765-206-6834,Chev,Skitterel,47774
159-982-4798,Meggi,Grund,61197
509-185-9491,Myra,Kohen,74200
229-453-8885,Astra,Denziloe,92793
640-167-5299,Garner,Tenny,42081
332-507-5760,Celestyna,Rosenkranc,76475
428-781-5129,Barby,Chmiel,77219
290-205-7913,Clive,Scally,24585
463-771-0544,Coreen,Rebanks,21941
742-744-1605,Quentin,Klosser,25222
429-911-8477,Tyler,Currm,56813
599-783-2276,Hatti,Cringle,4011
262-500-5944,Shanan,McGeoch,90982
713-330-3815,Daisey,Farndell,43560
180-392-2499,Zorana,Sclater,55854
526-262-0793,Morten,Spellworth,59954
137-196-4083,Carry,Troke,57399
297-723-4194,Bonnee,Gossart,4377
993-484-8689,Nanci,Toplis,39683
471-112-5679,Blancha,Larciere,80819
225-895-7986,Krystle,Dayborne,19526
499-483-5704,Perceval,Cottom,38784
634-600-0052,Frederique,Pelz,67070
500-180-5549,Min,Godley,95653
216-206-5539,Bengt,Happert,11956
702-280-2007,Chelsey,Dunckley,65292
919-386-6372,Morley,Nucciotti,33233
118-344-8981,Anallise,McComish,40564
447-255-4996,Michelina,Snowman,91378
316-717-7670,Ben,Slany,2811
105-428-3551,Loree,Horsey,72364
403-127-0882,Nikolai,O'Beirne,55531
424-597-3986,Michail,Glazebrook,36224
358-707-4005,Hedda,Robertazzi,73812
651-615-7803,Constanta,McRory,75525
534-222-8406,Wenda,Trump,64018
776-503-1076,Annelise,Atkins,10496
313-341-1957,Sharity,Tomaszczyk,58640
308-986-5545,Shay,McCorkindale,11784
733-259-4886,Alden,Skirlin,6590
461-632-9379,Donica,Jolliffe,63660
182-659-3100,Aggi,Daine,76183
609-747-8861,Issi,Loude,44543
514-359-9395,May,Arendsen,2497
793-707-3183,Erwin,Ghidetti,73723
949-874-1451,Gerome,Drewe,72944
293-955-8375,Rolfe,Monnery,4245
638-820-5545,Wit,Aylin,52374
815-448-7428,Enid,Siney,7887
335-413-8418,Elene,Ubsdall,51027
898-603-7810,Coralie,McReynolds,96063
468-295-5919,Jeanelle,Wield,62721
330-364-2973,Dominik,McMenamy,13965
272-481-5640,Elmo,Salvadore,42825
459-305-9076,Iago,Ragborne,7730
125-432-5162,Olva,Breadmore,73192
292-455-8513,Hubie,Stoke,1390
170-271-0430,Culver,Getsham,25628
974-706-1009,Emmit,Fellman,16075
579-687-1790,Hunter,Pharro,52430
316-155-3105,Jodie,Smickle,76032
180-920-1341,Fowler,Gomes,8945
944-711-5930,Steven,Viger,71968
224-847-5336,Drusi,Moxom,49503
981-980-6925,Ker,Henze,71131
659-566-0341,Becka,Dunridge,57144
514-210-5468,Angelique,Kellet,91789
612-844-5717,Fiorenze,Bolletti,3880
445-352-8366,Lucie,Bottelstone,94604
198-978-8690,Cathy,Drinnan,1681
856-289-9859,Gregoire,Cafferky,95718
301-444-7801,Alethea,Blaw,63317
210-490-8039,Cly,Eacott,91578
717-831-9869,Adriano,Clayton,48841
203-993-6994,Atalanta,Hark,59847
584-573-7599,Addie,Jarlmann,12799
734-577-9679,Nataniel,Lente,1772
582-661-8352,Loralee,Dowzell,69398
928-957-2085,Duane,Tower,11228
553-104-7690,Clari,Dahle,31515
636-598-0202,Bill,Habbal,320
188-286-8261,Gertruda,Klimov,8582
401-259-3322,Denni,Bohan,44281
566-828-1933,Aileen,Gamil,26756
722-768-0770,Kara,Zincke,74331
553-808-1768,Norbie,McQuaid,45394
248-325-4461,Archaimbaud,Barbara,60997
332-357-3825,Amberly,Dumper,76922
437-914-3731,Kit,Balderstone,93977
109-559-7711,Chris,Beert,75396
787-271-9000,Elwood,Blackmoor,38584
632-950-8991,Lyssa,Vannacci,12004
633-692-4989,Ransell,Croysdale,47193
934-267-5224,Torrence,Peschke,32004
267-735-5936,Koressa,Coveny,76778
705-320-1330,Umberto,Basterfield,90149
605-890-7001,Romonda,Gaitley,82781
384-765-6625,Cristobal,Cumbes,82485
284-390-7798,Peg,Veazey,31892
885-166-0631,Elisha,Heggadon,27866
550-561-5619,Klemens,McCartney,86024
133-422-6446,Sada,Ropars,43399
283-610-7928,Darya,Eadmead,78598
165-321-5612,Jodi,Needham,3338
117-431-9744,Selby,Trunkfield,74075
294-875-9431,Chas,Raftery,35151
343-748-1792,Sissie,Hayden,14326
124-614-1190,Vergil,Pellew,10677
297-558-7552,Lemmie,Siderfin,19727
108-920-9787,Remus,Giacomo,58833
488-314-6949,Cinda,Dannohl,7973
315-283-7488,Karisa,Wormald,35059
356-888-8188,Emlen,Dombrell,39777
523-559-0870,Claudia,Pessolt,14057
457-130-1018,Brittany,Basketfield,38208
564-718-1038,Brandais,Adamolli,46304
400-288-7155,Tirrell,Enticott,43424
856-289-0322,Halette,Hazeltine,36201
522-480-1595,Sigismond,Dunsmore,9420
809-933-9667,Mirella,Buttle,67270
563-808-7425,Martyn,Pickburn,70289
640-512-4237,Morganne,Wethers,2007
626-141-7485,Sol,Losano,53715
205-849-6608,Lindsey,Driver,40543
157-613-0205,Gil,de Almeida,76137
807-629-7182,Rodolfo,Gergus,16614
337-219-6387,Min,Belshaw,56633
362-353-7111,Adrian,Schieferstein,37344
810-702-0074,Jeana,Ralling,86452
601-247-0819,Elspeth,York,95631
510-663-9471,Barbara,Hammarberg,52976
247-583-4822,Jocelyne,Glandfield,60257
434-669-1694,Barb,Chester,34070
952-330-4039,Ansell,MacGillespie,27830
714-915-1988,Seymour,Reeks,9142
832-507-1934,Adaline,Shelton,84525
886-892-8048,Sileas,Laver,31755
776-844-0006,Cari,Dudenie,99611
376-705-2703,Maggi,Eckh,74829
997-591-4293,Tymothy,McNeil,22149
742-429-5591,Cornelle,Stowgill,27837
229-504-8014,Sherri,Hakonsen,36863
649-288-0855,Annecorinne,Lesek,90035
244-446-4610,Cash,Morgans,38676
120-180-7324,Poul,Godspeede,82630
245-297-2817,Edik,Mewis,64300
114-411-6636,Rennie,Antyukhin,43027
978-575-1297,Silva,Kitchenham,12725
122-576-0858,Hew,Leman,41644
660-858-3904,Jessamine,Hayball,48270
417-499-2111,Monroe,Lanfear,83837
808-201-9073,Nobe,Skells,51343
994-399-5269,Margery,Veelers,41843
781-815-7819,Warner,Kaiser,53617
291-124-9321,Engracia,Titmuss,36598
398-153-8566,Stephi,Outright,3746
375-436-2003,Tiffie,Lark,32519
782-760-2170,Pinchas,Eynon,49768
197-166-8496,Ryann,Goede,6815
955-178-8545,Sibylla,Jozwiak,97995
605-981-5986,Antonio,Takle,84654
915-785-4613,Andrea,Rickis,48006
415-255-8026,Jude,Scottrell,88830
396-311-4845,Fae,Anscombe,26685
233-962-9713,Thia,Jewster,35331
785-908-8245,Ingamar,Lamble,53749
896-895-2179,Maiga,Ambage,62958
879-746-5175,Chris,Dunkerk,41836
369-385-8768,Elysha,Bocking,43477
866-171-1339,Judith,Gregoretti,36866
236-895-8087,Darrell,Biggerstaff,63654
713-410-0715,Sven,Jahnke,22892
795-709-4578,Aurlie,Nissle,99316
978-798-2958,Trumaine,Ducker,59923
427-545-9405,Kettie,Kildea,25049
675-150-9748,Shayne,Mayoral,71061
738-518-3673,Agathe,Stokoe,86561
482-106-7949,Brena,Boddam,5212
364-956-1489,Brendin,Ciobutaro,13226
935-195-9573,Batsheva,Hinzer,47360
698-228-6561,Ariel,Handscomb,42960
654-358-8861,Selie,Shorter,57660
180-813-1273,Adan,Hillaby,64974
945-821-4092,Pablo,Longega,50504
107-941-3180,Mona,Domb,95784
160-343-5271,Fraze,Adamovsky,92326
376-416-6957,Ginni,Clarabut,44379
184-615-8655,Andie,Bartoszewicz,46460
922-137-3409,Valentino,Hucks,76847
507-839-3866,Tisha,Gladwish,91427
710-755-3075,Korry,Dillway,57786
480-261-7124,Dagmar,Acklands,74782
542-190-2602,Corrianne,Kasman,76566
913-588-0409,Adriana,Roxby,15542
657-567-8061,Guenevere,Greeveson,98819
922-319-8505,Kinsley,Lammerts,27892
544-419-0817,Sindee,Snoden,43713
744-273-2541,Ernie,Ashbe,54985
229-704-5196,Rudolf,Kleinstern,6051
881-272-4534,Carney,Howcroft,1203
473-403-4260,Ignacio,Maly,16823
281-388-2269,Sula,Clinch,85746
915-725-4432,Hamil,Juliff,34827
941-110-9184,Sileas,Knee,606
387-934-9285,Arlyne,McCarry,50220
414-689-6710,Leonerd,Ellice,68868
852-462-1693,Kimmy,Foley,86686
281-967-1979,Andrey,Veque,44938
351-331-8670,Kissie,Bytheway,91696
599-872-9387,Winonah,Blackmore,73702
108-748-4405,Judah,Purslow,59274
500-781-9443,Theadora,Labell,77980
940-650-4339,Amalia,Tethacot,47630
536-741-5429,Fran,Gammons,28419
237-720-0604,Laural,Merkle,45763
767-446-4214,Druci,Dellar,24138
124-126-3414,Dosi,Mathiassen,6293
118-270-9878,Dorthy,Mobius,5514
674-916-4672,Vassili,Fegan,59329
871-539-4827,Alain,Braunes,56087
798-574-3428,Tadd,Epelett,97775
264-381-0116,Janeva,De Anesy,2087
199-222-8582,Wally,Cordero,1905
317-480-6751,Fairleigh,Jollie,61067
190-541-5791,Pamella,Hedin,80119
414-279-0404,Elmira,Surpliss,18476
173-640-2480,Merline,Witty,88493
264-537-4814,Goober,Wraighte,88068
890-898-9461,Chaddie,Novacek,23597
188-251-7372,Friederike,Bamb,99130
312-352-4192,Baron,Killelay,61737
928-710-5211,Louis,Skotcher,2089
483-526-1909,Gallard,Meade,16607
294-381-3669,Lucky,Attril,19265
139-181-3999,Kerk,Schimke,30213
728-180-6843,Lion,Aronowitz,21547
807-771-6953,Salvador,Spere,91328
165-760-8608,Ellyn,Ickovitz,20475
844-279-6965,Janice,De Witt,43720
956-778-1267,Krisha,Doumer,2710
416-684-7260,Yule,Shorten,12459
760-566-2278,Jill,Griffith,14682
748-463-4747,Corbie,Jerome,84050
613-432-4525,Shalne,Roset,58317
267-850-7936,Mortimer,Norton,48659
867-634-6426,Ninon,Vanyatin,27913
910-916-8919,Heda,Duran,44841
994-842-2942,Porty,Andreini,62074
457-736-0036,Astrid,Dennes,45185
366-892-6330,Gill,Kidston,13171
458-743-9478,Julie,Forth,77100
663-202-1637,Frasquito,Phippin,41918
803-188-0168,Gail,Eggins,52189
960-493-6151,Jackie,Figurski,72236
559-298-7429,Waylin,Cholonin,95489
776-637-6254,Rosene,Cordobes,29730
952-386-5704,Clary,O'Scanlon,83633
268-438-8924,Kara,Byford,4180
596-139-7832,Tris,Whitloe,85133
847-717-7152,Sharleen,Gottschalk,20163
144-419-2372,Olenolin,Copley,75000
214-845-4114,Kort,Merriott,31167
506-788-8923,Shandy,Silvermann,46433
533-430-2090,Denise,Molen,67766
376-856-5298,Kala,Derr,80826
491-476-3583,Maury,Dielhenn,2334
554-106-9364,Carrie,Sprague,17871
455-857-7681,Dorita,Scain,5779
572-950-1931,Alva,Bulmer,37800
137-980-5667,Tiphanie,Purton,95066
405-717-5949,Nari,Vidloc,49470
535-484-9342,Elka,Skipping,65432
582-635-3513,Vincenty,Baumford,70697
990-626-2911,Sonni,Keeton,74174
128-657-7335,Drusie,Le Fevre,41508
562-236-0778,Fair,Roseveare,93401
873-449-7255,Melly,Itzakovitz,655
387-495-0873,Corinne,Gresch,56780
777-620-7976,Udale,Dillinton,6414
107-605-7255,Ashton,Duffet,30689
610-264-3186,Cherida,Bratch,91040
814-476-2957,Gawain,Ianetti,5948
776-715-9773,Gerti,Ferriday,62593
138-537-4560,Ancell,Vasiltsov,65514
710-227-9960,Harmonie,Domel,76549
843-334-1572,Issi,Klimmek,60510
581-616-9902,Larisa,Lochrie,37620
340-773-4954,Jemie,Marjoram,54075
381-123-5013,Jessie,Ateridge,45492
408-955-2606,Dierdre,Tring,20730
281-193-7112,Jared,Spatoni,55595
571-430-5752,Costanza,Okenden,77269
469-638-1277,Orville,McElhinney,82701
311-580-8866,Arri,Kamien,74847
534-619-5602,Andrey,Southernwood,37433
290-596-4414,Bryant,Klemensiewicz,875
635-631-7587,Gilbert,Cannon,86114
433-902-1574,Lombard,Fogg,23112
828-362-9579,Rania,Balharry,69095
940-879-4560,Jude,Dutnall,85383
851-802-4069,Zoe,Slight,9256
991-673-3362,Perla,Ingerson,40331
737-856-2568,Willy,Carayol,17160
578-753-3446,Brucie,Thayre,99693
407-118-4648,Jeanette,Smorthit,30282
970-806-1486,Haskell,Crann,2617
649-575-6970,Candice,Searl,88161
422-234-1585,Nev,Gwatkins,10333
825-569-3159,Tomkin,Martin,93250
429-280-9680,Millie,Mulqueen,93510
744-599-4352,Amalle,Woodthorpe,97771
666-353-5085,Tani,Stearnes,31176
818-450-8543,Mendie,Snibson,91794
644-314-6227,Issiah,Shoulder,64460
506-989-6635,Blake,Dwelley,15222
378-921-5014,Frasco,Stiegers,60563
575-983-5336,Constancia,Tinto,56087
575-575-9370,Horacio,Scherer,34636
752-577-4662,Devland,Bagster,87959
367-852-4503,Packston,Fraczkiewicz,42743
387-857-4508,Christoforo,Rendell,91568
820-507-7086,Amalia,Lillo,47339
806-866-7766,Ethelred,Elix,75296
972-447-2941,Starla,Wandrack,15980
275-402-6100,Lenna,Piper,58519
892-293-3882,Wilden,Goane,66258
361-788-5544,Arabelle,Onion,58301
776-986-8029,Ninette,Jochen,71742
879-995-3408,Caryl,McCaughan,20744
754-535-4412,Jorgan,Gallier,3737
962-940-4742,Roxie,Skeates,15950
330-113-5700,Brigitte,Aingel,76952
415-105-7832,Tiffanie,Roches,90583
523-958-4935,Alejandrina,Molian,39166
913-521-9261,Gordy,Mussen,83601
206-123-2822,Esmaria,Seally,83548
441-299-2929,Roanna,Selwin,43819
762-202-2682,Phillipp,Magson,81243
702-121-6647,Patsy,Mc Caughan,3989
416-822-1180,Emmalynn,Seviour,9529
752-520-8148,Ravid,Palatini,6249
349-416-3476,Paulo,Aggis,85965
441-113-7249,Polly,Luppitt,50491
474-381-7012,Carola,Jent,47999
816-545-2855,Sophie,Lainton,83439
876-644-4545,Hana,Megainey,65000
681-344-7992,Bucky,Bickerstaffe,36651
742-561-1152,Darrell,Rimer,18538
713-949-5159,Jud,Amery,89336
192-720-7035,Onfre,Anespie,30855
255-110-8913,Carita,Candlin,55198
788-666-8094,Robb,Wellman,54793
786-960-7263,Alicia,Maddick,59432
302-213-2848,Nikolaos,Colquit,1133
932-929-0611,Bren,Holme,47852
159-100-4706,Mannie,Eard,43580
110-108-3523,Lorrayne,McElrath,35197
891-873-0314,Flinn,Edworthye,50629
923-418-4593,Genvieve,Bente,93165
338-889-7291,Georgia,Simpole,64951
825-870-4754,Hillyer,Ascrofte,41547
927-933-5130,Ambrosius,Hess,28464
264-147-7350,Bernarr,Rentenbeck,58995
961-564-7172,Wendall,Ploughwright,59491
960-322-2399,Broderic,Broadwell,2491
396-715-0494,Poul,Desbrow,1811
746-138-2454,Jami,Adshed,40821
489-340-4156,Kingsley,Cosens,46052
895-586-4013,Jackie,Slinn,34443
159-617-2841,Sande,Houseman,99917
295-583-8798,Tricia,Killeley,79737
200-425-4764,Gilda,Turmell,43650
624-120-6477,Dulcia,Keig,17841
106-319-7074,Chrystal,Cammocke,60746
103-857-8690,Levy,Fallens,2104
594-405-1722,Richmond,Abisetti,99392
728-439-9997,Andriana,Sherebrooke,56133
996-625-1251,Vern,Paolucci,53280
865-781-2563,Torr,Yarnton,59099
245-515-2180,Marya,Antowski,31243
433-127-2653,Jaimie,Tomasian,99721
511-559-8089,Sigismundo,Jenckes,1829
615-482-7640,Borg,Messenger,35291
541-551-3657,Kris,Maddicks,51558
655-580-3191,Edith,Augur,3693
611-234-9010,Shandeigh,Rulten,21687
330-494-8832,Rollie,Bernhardt,32134
543-951-5178,Hyacinthie,Kitchingman,91357
274-411-7456,Randal,Pedel,46151
879-675-7761,Killy,Kid,62611
623-159-8896,Hazlett,Kingscote,88008
789-904-1459,Leilah,Henfre,21912
536-837-1213,Harlan,Garaghan,93549
824-256-7551,Wainwright,Wheelan,87390
275-353-1480,Ariel,Yankin,46834
326-957-9958,Briana,Hugo,46805
277-874-1763,Sheffy,Munson,66484
209-687-2028,Tadeo,Cardenoza,49464
408-586-8217,Lonnie,Cirlos,21924
747-796-4454,Adolf,Romer,38355
978-452-6028,Domenico,Dabney,69624
232-972-9020,Stephani,Ferguson,38521
685-314-9015,Zerk,Cockerton,85196
723-435-9313,Maura,Warder,87667
619-365-2882,Gene,Bartrum,69033
992-680-1729,Evy,Rodway,46416
496-460-4981,Johann,McLardie,46274
946-115-7883,Natty,Statter,68215
220-347-3512,Nehemiah,Wildbore,71832
167-715-2407,Andrus,Biesinger,48512
196-707-8618,Lemmie,Woolam,14508
201-447-9644,Felicle,Huddart,82068
867-707-3573,Roxy,Morgue,18775
931-615-0109,Anallise,Laidlow,30144
506-348-5597,Fenelia,Tybalt,52009
218-984-0200,Sibylla,Swannack,28582
730-221-1583,Cristen,Goundrill,16062
967-216-9508,Kort,Ladell,61907
558-290-3738,Lennard,Erington,22160
195-360-7312,Fiorenze,Reveland,57546
102-155-0156,Avigdor,Ivanenko,55642
338-146-9836,Brynna,Keirl,61452
266-544-6988,Cos,Gever,14798
269-824-1012,Marta,Sparey,99811
378-205-4235,Jamima,Wetherell,33365
131-225-8405,Lee,Hultberg,10903
554-187-7620,Peri,Spadoni,6139
952-184-6839,Towny,Ulyat,22239
901-488-3799,Petronilla,Brabham,18855
963-728-1614,Sheelagh,Beaman,98260
683-638-1918,Lani,Lewin,17770
152-227-3262,Rodd,Goatcher,70460
976-204-7026,Kata,Binnion,93434
927-263-5444,Lucita,Christofides,53754
682-139-2972,Emile,Placstone,44690
379-773-9288,Maurene,Maffioni,69208
684-586-1792,Jonell,England,63754
380-620-0803,Cecily,Wahner,76346
588-733-9251,Maia,Sommerscales,67441
800-643-2580,Ilaire,Tamsett,21051
724-936-3315,Ann-marie,Farley,16833
871-531-1805,Clint,Bedbrough,20066
191-817-8151,Faustina,Gaytor,31679
264-573-8222,Roddie,Teare,47835
784-363-2238,Delano,Thying,79430
161-724-0458,Shawnee,Fockes,33433
811-556-1865,Chase,Palfreyman,56048
984-457-3861,Waverly,Kemmer,26523
188-747-0025,Anne-marie,Esch,8530
971-208-9750,Harland,Mallebone,83569
780-150-6420,Orson,Stammler,43084
419-113-0910,Leonerd,Doud,63417
161-178-7883,Darleen,Heugle,98143
583-756-9853,Rolph,Flott,86321
401-235-3420,Angeli,Sawfoot,35167
765-457-7877,Cyrus,FitzGilbert,76136
443-783-3868,Annecorinne,Weldrick,79678
667-205-7985,Renato,Eyeington,51589
342-316-1650,Gigi,Lacelett,89349
692-815-2485,Esme,Simnett,56529
604-612-9150,Pavia,Haddington,44697
117-315-2939,Halli,Doumerque,44318
643-865-5995,Lona,Laurenson,24037
580-659-3342,Beatrisa,Lundbech,66026
348-642-9139,Carie,Rendbaek,42378
462-285-1689,Shepherd,O' Bee,18193
908-423-3126,Winfield,d'Arcy,15531
183-780-4417,Rey,Yesichev,13126
648-231-7806,Salomon,Woltman,8010
143-182-6426,Thalia,Bryden,11094
385-616-3677,Roscoe,Atack,43646
113-419-7453,Brinna,Searston,55824
927-367-2335,Erinn,Nana,78585
889-717-3058,Elli,Haukey,26542
609-890-7616,Oriana,Dirr,84221
121-587-5055,Ethelbert,Ferraro,84967
518-528-0877,Hildegarde,Norris,56748
927-719-3456,Emelita,McKeurtan,38161
514-614-8542,Nariko,Stuehmeyer,13787
226-765-4285,Tamra,Gilder,59246
944-677-6633,Vivi,Dominighi,36069
665-589-9874,Milton,Ribchester,72599
383-971-1373,Camala,Slowly,87856
714-432-5867,Mackenzie,McDoual,16579
543-410-1225,Eudora,Woffinden,49494
335-768-1041,Britte,MacClay,14761
584-712-7870,Helsa,Outridge,6353
882-480-8299,Brady,Gilbank,29281
966-700-3992,Alejoa,Boldero,80883
265-741-7658,Selina,Bohlens,59431
608-350-2939,Ivonne,Lewty,72338
197-615-2484,Kittie,Wilmington,63234
960-576-0128,Con,Spittal,93715
248-658-8940,Henka,Von Salzberg,60063
511-645-5711,Matteo,Staner,73577
401-824-5749,Perla,Studders,8827
894-653-9596,Kai,Rudsdale,46099
683-573-1444,Oran,Catterell,3542
542-619-5935,Foster,Sheer,1953
798-415-1763,Denys,Ellit,4940
312-507-6093,Maribel,Elleton,38974
540-543-8055,Filberto,Longhorne,90153
344-522-1488,Edik,Lubman,58990
919-951-3859,Maurizio,Davidde,74146
701-536-1615,Ernst,Minchindon,90636
142-369-7719,Elvin,Delacourt,69065
101-207-7851,Mariya,Gathercoal,97654
535-679-0206,Foster,Gameson,87617
215-977-4095,Magdalena,Son,30008
917-816-8265,Annabell,Wrintmore,13694
323-483-4506,Shandra,Hatzar,47581
434-232-0563,Nyssa,Caslett,20534
604-721-1908,Jareb,Hambers,67956
620-386-4258,Pattie,Hawksby,66017
914-361-2445,Kenneth,McLaren,19173
850-666-2107,Averill,Graysmark,44717
684-768-3097,Rudolf,Attenborrow,55991
702-111-8149,Kit,Barradell,58145
283-525-3641,Wesley,Farge,33573
674-809-5139,Loren,Murden,64055
101-651-3763,Hal,Reddihough,27537
414-155-2432,Kalvin,Heppner,81158
226-601-7865,Inessa,Aishford,5378
558-202-7920,Annelise,Frankcom,52882
792-871-2287,Frances,Eaden,24795
587-151-2573,Gayla,Duchenne,83341
609-388-8402,Liza,Giffin,56984
813-374-8807,Martha,Ellacombe,97980
212-940-6105,Nevin,Quilliam,87823
152-567-9404,Kellia,Newlove,69308
661-554-4369,Mariele,Glen,33189
160-485-1552,Dan,Bowick,7336
590-910-6115,Emerson,Kelshaw,81662
984-394-7913,Lou,Carmody,36262
661-417-5593,Ive,Phillp,22388
163-397-7097,Philbert,Guidini,77728
754-886-6544,Ellsworth,Gowdy,42971
351-936-9816,Abdel,Beert,78027
746-198-4608,Gertrude,Allain,1850
527-265-1792,Kliment,McGivena,25536
855-698-3782,Persis,Trask,15915
332-745-1047,Jocelyne,Garrold,40924
209-478-7999,Evangelin,Limpkin,78432
940-264-1499,Shalne,Sexty,96232
244-930-1631,Burt,Kings,68095
688-568-9907,Jasper,Malloy,30632
126-368-1710,Marieann,Giovanizio,88197
680-301-5098,Olenka,Hyslop,62215
360-947-0652,Ernestine,Dreghorn,22808
896-154-3947,Erma,Tonbridge,13026
856-918-0734,Julienne,Cannings,24111
814-497-2673,Kristoforo,Epsly,20789
573-823-8200,Moe,Dodsworth,61821
867-920-9386,Crin,Spurrett,70006
177-217-8156,Blinni,Maunton,18439
232-954-7659,Duffie,Crothers,53655
414-780-8632,Olag,Pickett,44291
895-504-6512,Sarena,Bielefeld,99380
478-996-3564,Denis,Dunphie,92024
465-388-3041,Berrie,Bath,62037
217-349-4198,Cissy,Busch,65790
964-286-5452,Danyelle,Philipeau,32711
201-319-6773,Sofie,Bustin,23310
468-901-2172,Wylma,Lafflina,30667
503-323-6419,Melisande,Pyatt,77877
880-323-1939,Isabella,Bartolozzi,51991
868-918-1245,Clovis,Badwick,62585
412-458-3686,Fitzgerald,Gainsborough,33502
578-245-7698,Lolita,Simmons,90126
892-583-9529,Wilbur,Mourbey,93302
354-206-5725,Lanny,Siward,11638
790-736-3661,Paddie,Jehan,30756
785-717-2865,Nikolos,McVitie,84361
158-277-4518,Gerome,Severs,92617
744-738-1912,Christy,Chicchelli,70740
924-864-1227,Erastus,Boylund,24561
389-228-0661,Farica,Brealey,12610
299-979-0918,Paolo,Ropars,6888
483-731-3216,Benito,Bilbery,76662
919-384-4690,Jerrie,Vigietti,43278
848-497-1551,Lishe,Goudman,6396
580-913-1127,Luce,Huelin,68370
721-738-0106,Thom,Starmore,89071
764-115-1761,Steffie,Dobbison,88946
468-251-1168,Trace,Caesmans,91844
669-270-6705,Engelbert,Krzyzaniak,36347
603-365-4520,Kingsley,Fosten,78648
104-546-0836,Sauncho,Nitto,1584
289-659-0900,Otto,Jepensen,60191
538-963-6302,Eilis,Schrieves,76838
580-347-8609,Feodor,Sussans,79758
657-357-9133,Esta,Rothchild,26202
937-422-1170,Philly,Rowcliffe,35541
172-444-0718,Marcela,Ivanisov,76787
510-948-8031,Elianore,Masseo,95638
667-376-2232,Karly,Cheak,83939
364-142-0318,Gerrard,Gwalter,15656
357-781-5278,Nadean,Ellyatt,6880
947-964-5287,Pansy,McKeowon,79997
331-106-6328,Janeczka,Brakewell,74151
269-311-0127,Sebastian,Bengtsen,90711
810-167-9792,Myrwyn,Rosenbusch,3254
497-933-8456,Libby,Yearn,69376
336-223-1413,Tucker,Cohani,21262
427-811-6096,Terrence,Stead,16410
885-505-8361,Roosevelt,Matejic,55055
122-501-3850,Lyndy,Jolly,85860
967-511-5125,Jermaine,Chantler,4897
171-424-7207,Jacquenetta,Fessier,82221
909-556-1750,Andree,Croxford,67019
186-868-8596,Cob,Novelli,90289
427-351-0807,Shellysheldon,Clemitt,19875
128-505-5306,Genevieve,Petrichat,8497
659-587-2744,Hamnet,Liebermann,19007
724-388-8467,Nathanial,Rabier,10214
404-584-1626,Gustie,Sewall,46938
986-886-4576,Hamlin,Everson,96757
481-907-5787,Tiffi,Riha,32833
120-522-4016,Mitzi,Bottomley,68542
157-602-8690,Dahlia,Barlthrop,58103
482-693-3990,Abdel,Angliss,57280
670-328-5481,Mehetabel,Beedom,33552
645-461-9187,Tanya,Dennington,8171
359-392-0632,Hesther,Kenrat,42498
542-577-3166,Jocelin,Ritzman,16181
167-969-7411,Melody,Sturgeon,68141
736-580-9155,Arturo,Speechly,39316
530-478-7525,Alford,Collingridge,57415
322-651-3550,Gal,Phette,25187
972-527-4890,Gerhardt,McGaughey,71492
426-204-8487,Hedy,Alcalde,93451
449-316-2580,Frances,Bramah,10780
198-366-1514,Smith,Maslen,41962
207-639-5319,Wileen,Kitchenside,96072
619-877-9208,Sarene,Halliwell,77302
799-658-8432,Dwain,Lahrs,77356
137-901-4237,Elka,Janecek,42468
293-441-5540,Shurlock,Zorzenoni,37781
625-923-3510,Ethel,Weetch,61836
149-584-5236,Therine,Vickars,58056
118-432-4017,Adah,Farncombe,93015
210-458-1244,Clemente,MacRonald,31972
829-798-6028,Clemmie,Coad,98940
955-769-8103,Franny,Darque,53590
626-779-0818,Kata,Branscombe,75883
815-698-0342,Constantin,Stones,84563
435-258-5616,Rodi,De Souza,88716
915-765-4716,Angel,Ledgeway,1545
151-164-6861,Jill,Checketts,15320
568-865-6986,Herby,Witheridge,86395
793-848-8952,Gottfried,Struys,11598
858-967-2498,Napoleon,Baversor,63962
